scenario,model,prevalence,auc,brier,logloss,sens@0.1,spec@0.1,sens@0.25,spec@0.25,nb@0.1,overlap_integral
A_perfect,model,0.305,1.0,0.001,0.02,1.0,0.998,1.0,1.0,0.305,0.0
B_random,model,0.308,0.5,0.334,1.003,0.906,0.101,0.752,0.254,0.21,0.308
C_same_roc_diff_calib,calibrated,0.352,0.801,0.169,0.508,0.973,0.251,0.846,0.575,0.288,0.256
C_same_roc_diff_calib,g_transformed_k3,0.352,0.801,0.196,0.735,0.756,0.693,0.643,0.792,0.244,0.247
D_overlap_location,mid_overlap,0.3,0.722,0.213,0.613,0.999,0.016,0.96,0.169,0.223,0.269
D_overlap_location,tail_overlap,0.3,0.729,0.214,0.636,0.978,0.043,0.906,0.273,0.219,0.274
E_disc_vs_calib,strong,0.363,0.822,0.162,0.49,0.967,0.298,0.853,0.605,0.302,0.241
E_disc_vs_calib,weak,0.312,0.652,0.202,0.59,0.996,0.015,0.793,0.396,0.236,0.305
F_prevalence,pi=0.05,0.05,0.922,0.137,0.44,1.0,0.055,0.992,0.347,-0.05,0.04
F_prevalence,pi=0.2,0.2,0.916,0.138,0.441,1.0,0.056,0.992,0.343,0.116,0.117
F_prevalence,pi=0.5,0.5,0.918,0.137,0.44,1.0,0.054,0.992,0.337,0.447,0.169
G_transport,source_domain,0.347,0.802,0.168,0.505,0.968,0.244,0.842,0.576,0.281,0.249
G_transport,target_shifted,0.462,0.809,0.189,0.56,0.959,0.303,0.813,0.634,0.401,0.271
H_threshold_band,model1,0.3,0.914,0.139,0.444,1.0,0.056,0.99,0.339,0.227,0.149
H_threshold_band,model2,0.3,0.946,0.113,0.376,1.0,0.143,0.99,0.554,0.233,0.129
I_imbalance,model,0.02,0.964,0.107,0.366,1.0,0.114,0.998,0.464,-0.076,0.014
