n,rep,auc,brier,f0_l1_hist,f1_l1_hist,f0_l1_kde,f1_l1_kde
100,0,0.9652380952380952,0.11783786112109945,0.23324261972295146,0.3310190843756887,0.12635235372438908,0.18316474559481158
100,1,0.8947619047619048,0.1355533459882004,0.42458166792396357,0.45499788591580115,0.2298910219251153,0.40191121113004974
100,2,0.9395238095238095,0.13158967403176253,0.21133046842928377,0.45493389574406246,0.13422185256695202,0.20635072628933612
100,3,0.95,0.13356660661016687,0.2870621758495257,0.3278049067782932,0.1728888896531949,0.2262935843656394
100,4,0.941904761904762,0.13356857795299346,0.17313437534767032,0.4081519816947482,0.09430411726739198,0.29014374239881724
100,5,0.9628571428571429,0.11178738868303315,0.22774021242907533,0.2859332738432593,0.20012619555560723,0.18984778570403235
100,6,0.9261904761904762,0.13251410175402178,0.19454352450602624,0.2710713513855872,0.14048997822733725,0.12158512727836687
100,7,0.9304761904761905,0.1358071352891613,0.20918017854415785,0.28933241459036746,0.1416811036440141,0.16619166437643434
100,8,0.8723809523809524,0.16700162429171525,0.4098464375261138,0.28539326766640394,0.23953709880367793,0.19580874062449555
100,9,0.920952380952381,0.13542191461822362,0.23874183174417732,0.40700275459994667,0.18287892237736025,0.16706845526179703
100,10,0.9728571428571429,0.11646586577575453,0.18299146896903115,0.3756202805536267,0.12307919332634422,0.3089232514323663
100,11,0.9099999999999999,0.13994628187925,0.21178124568807033,0.41115740337612106,0.09014970069306859,0.34972314605018273
100,12,0.9342857142857143,0.13152696853176948,0.2629472827834434,0.2802879249388788,0.2274078990043674,0.17212608661869794
100,13,0.9442857142857142,0.12525979966173492,0.3626239014093342,0.5243086977444462,0.21189284958819604,0.3259870252440401
100,14,0.8966666666666667,0.14937428627663693,0.24095794210319857,0.5462968416767358,0.17044158207549975,0.26468626879948626
100,15,0.9614285714285715,0.11440938319943844,0.2756986370604564,0.4497269900421965,0.2492057351951414,0.3011225171176304
100,16,0.9480952380952381,0.12064391129590707,0.25729629846142843,0.38251172559518326,0.15414424340696542,0.27696457412113157
100,17,0.9266666666666667,0.1249303961613677,0.275812356235976,0.2850138765650619,0.19928222203784543,0.10354352306605527
100,18,0.930952380952381,0.1294367451271017,0.19959379508674102,0.3780896603733756,0.19923402737314816,0.26985012407011144
100,19,0.9433333333333334,0.13546256992538638,0.23395031981303463,0.3641257641045871,0.07891863868436211,0.12795916823427061
100,20,0.9333333333333333,0.13570889124009425,0.24153230422562474,0.3873262411117011,0.19764987711782975,0.32430550731809116
100,21,0.8752380952380953,0.1585073447484971,0.2169336143935656,0.38649369078733975,0.26537915634984466,0.26355087151862827
100,22,0.9480952380952381,0.13718015334529984,0.12032510156830406,0.5447734628246104,0.08285631214314455,0.42741780531198365
100,23,0.930952380952381,0.13360892290082366,0.21889966169843725,0.26395932798938326,0.1709287201738242,0.13269451121878872
100,24,0.9428571428571428,0.1271788035367862,0.22149465793583462,0.3408351570254947,0.1387163304796515,0.22342061178766734
100,25,0.8752380952380953,0.15729334458186803,0.28774690202719644,0.2518383020165085,0.17393478958841047,0.15074899250700208
100,26,0.8904761904761905,0.14410547170743862,0.22890063453915732,0.5549241992227129,0.1753741993025554,0.41052250486268577
100,27,0.9395238095238095,0.13004387367304196,0.32828877151742114,0.19443142402357166,0.19406223806683173,0.08119701561923873
100,28,0.88,0.13617382845579082,0.2556846507784985,0.45680124886495727,0.14282161424287768,0.4250662439398865
100,29,0.9419047619047619,0.1265192649929347,0.29455736330460225,0.2532451319729939,0.24674947565406968,0.19621182440595916
100,30,0.8838095238095238,0.15136473953009819,0.23584910291164798,0.36016561974474537,0.1639678102948534,0.2618902846516265
100,31,0.9376190476190477,0.12739828935548433,0.28000197707645386,0.3905647121565249,0.18112823275590154,0.16374329460077705
100,32,0.8766666666666667,0.16533836433323248,0.29515483507943885,0.20592493177971255,0.2501347088827731,0.14552463827199627
100,33,0.9614285714285714,0.10795159815449239,0.39635683119198256,0.4100791958584509,0.34638234056332284,0.26995682919890573
100,34,0.9195238095238095,0.14381502929086282,0.1668587007242922,0.29283444162318384,0.13680132643671605,0.14037143440847144
100,35,0.901904761904762,0.1414801369958608,0.16073550063603978,0.38904192796038733,0.08272533798232429,0.19397633717419538
100,36,0.900952380952381,0.15084249494655563,0.17590077554195063,0.30597347121288654,0.12612687592470923,0.21867232498629693
100,37,0.9442857142857143,0.11790407211493903,0.21796275027517736,0.2995659281625165,0.15637546624024667,0.19613212769569863
100,38,0.9519047619047619,0.1318108504213226,0.20799699458254123,0.3971167380448027,0.18927271432751902,0.16819976883380539
100,39,0.94,0.13041601996317445,0.21748351498477753,0.3280986144482965,0.08886790185467568,0.10264149016681737
100,40,0.9042857142857144,0.14479577774726557,0.26286270707657433,0.21005462998085195,0.19664069571999254,0.1566370814973263
100,41,0.9057142857142857,0.1468072534185571,0.29277013801389107,0.1967661782220154,0.154347907045909,0.2053992144536272
100,42,0.9704761904761905,0.1077385791356174,0.18793689433129718,0.4391731642735306,0.18803103492165138,0.3651954506718692
100,43,0.8676190476190477,0.15841120878611512,0.2231015725951957,0.3543401650823906,0.1490876259682725,0.1656515485980746
100,44,0.8857142857142857,0.151303652246704,0.2338074720945682,0.25347777833349794,0.1811274658849979,0.17241563898205725
100,45,0.9280952380952381,0.1348369736337425,0.2155932175902145,0.39671977079697385,0.18330848832110624,0.18745779133045468
100,46,0.9161904761904762,0.14299878888861584,0.3065999904865776,0.3852450921509234,0.20398253651012366,0.23593135567860332
100,47,0.9314285714285715,0.13083613524505935,0.17335707621455565,0.37261586173567685,0.10417851772438469,0.23120526237220396
100,48,0.920952380952381,0.139539286111759,0.22478105433737697,0.32877250674496067,0.09446415310721044,0.2098646043777365
100,49,0.9157142857142857,0.14060361452047673,0.1651956150749424,0.4234892594685895,0.0905276513248516,0.14007740317225253
200,0,0.9010714285714287,0.14961766552479172,0.20391261431877328,0.2023187025619435,0.15075774392392835,0.16783093432109494
200,1,0.9261904761904762,0.13196758648818344,0.132778149080095,0.38805226789004893,0.0737709677917468,0.28295088127034035
200,2,0.9321428571428572,0.1308606793202929,0.13945561277004653,0.18427482182688143,0.10929800317714682,0.0738356916861039
200,3,0.9304761904761905,0.1362518912760539,0.15743885531191876,0.23091542760810033,0.11915946116876532,0.1400837396822067
200,4,0.9147619047619048,0.1314339362202373,0.1541961585500936,0.20867831620568578,0.09804250629350235,0.22142034954630607
200,5,0.9238095238095239,0.13319914182054227,0.13277738730136063,0.2491199605047905,0.13405939090888985,0.2018829353387501
200,6,0.9378571428571427,0.12782676181878788,0.2529428988054183,0.17873774099250517,0.17914678750061436,0.17146842557133576
200,7,0.9203571428571429,0.13167405613000543,0.17344656739317016,0.2930743420602823,0.13003374855280905,0.17728644432517426
200,8,0.9078571428571428,0.1482339053813438,0.22784774485228254,0.19582809572294835,0.1984879950985059,0.06693784293095777
200,9,0.8995238095238096,0.15173412802745023,0.2231327640217049,0.22969371716159934,0.190289632335211,0.19610583806611165
200,10,0.8539285714285714,0.16635557951778301,0.2170054365280874,0.3683368430590293,0.20048658346097661,0.26283506539636703
200,11,0.9153571428571429,0.1345980374656048,0.17987488102903454,0.22549482562995038,0.13671550555832243,0.18872561000313226
200,12,0.9488095238095238,0.12151606509593232,0.14405513104580978,0.2642393043205704,0.08289667804648519,0.21869907817209797
200,13,0.9054761904761905,0.1449321582182257,0.20966983504117953,0.22076082367774713,0.14166676003862405,0.14503477265067355
200,14,0.8978571428571428,0.1456295164965279,0.11669065237569931,0.13216857899369172,0.0901944782124641,0.13944333916028753
200,15,0.8848809523809523,0.15167406774018596,0.21539624679445352,0.19979594703420822,0.15713846017411456,0.14145669307823944
200,16,0.9070238095238097,0.145291249198304,0.18907803262212358,0.4734923242486939,0.1072155951941984,0.23617045897737038
200,17,0.9160714285714286,0.1422420031822322,0.17706145171297272,0.18423070657764828,0.17334302169488003,0.1059248252055788
200,18,0.9178571428571429,0.13272191834946956,0.17537364896711724,0.22093291685333444,0.19557166513744256,0.1770599829297903
200,19,0.9101190476190477,0.13698028736370685,0.10376033995104068,0.23220882274721166,0.10214483293340525,0.17832810904688043
200,20,0.9121428571428571,0.14097651778227463,0.13724187266557517,0.2900371851306488,0.09247944726586596,0.08777138397937434
200,21,0.9103571428571429,0.1412169847029306,0.12365596883076711,0.14499911302926977,0.1556181893809216,0.19404172136810321
200,22,0.9066666666666667,0.14642100117680815,0.19264839205728013,0.232526951407255,0.2090793748540779,0.23730201828308276
200,23,0.928452380952381,0.14050786128658432,0.1557975437348018,0.2672803530419091,0.14791020281229275,0.23570276480292668
200,24,0.928452380952381,0.13150810346892047,0.1398222361191278,0.16836660145068583,0.10799145940009446,0.13407596553388526
200,25,0.9248809523809522,0.1357548413711691,0.13215876201776333,0.2644192616008739,0.10124640816135579,0.20792164109848343
200,26,0.9132142857142856,0.14085134478409633,0.33286739409792415,0.2818312706946067,0.1328233385405151,0.2632477417028922
200,27,0.9230952380952381,0.14461361015909038,0.15764807640727743,0.3641367754036261,0.11031506534106658,0.2347679919064326
200,28,0.9185714285714286,0.1437003536026555,0.2726441106357192,0.45140495706971845,0.14172643029282198,0.19782927414468715
200,29,0.9347619047619047,0.12898219623523174,0.16162689878841616,0.15717712252021218,0.0935999654941279,0.13664561056782826
200,30,0.9148809523809525,0.1315303927257264,0.22475556922799134,0.32409124249313326,0.1726546956440605,0.15236522017425752
200,31,0.9223809523809524,0.13314883109786382,0.13657560100695598,0.24698419681882616,0.1039516522394552,0.1336706294064492
200,32,0.9203571428571429,0.13189641764786553,0.11440603573832843,0.21897261637414187,0.08106579553850345,0.10546400401453715
200,33,0.8980952380952381,0.14601822803648992,0.13239892840663042,0.17257257588649416,0.11960327811831405,0.17471707110014723
200,34,0.9257142857142857,0.14372941167441286,0.21999369078733963,0.2980000034413002,0.14900925097234063,0.1833753956342769
200,35,0.8972619047619047,0.14305453449359298,0.19358508138049185,0.134494933454341,0.16828189546179442,0.2157928781143536
200,36,0.9232142857142857,0.13177166986788233,0.133553928315243,0.24228059961936604,0.10911829681158373,0.12509742329470883
200,37,0.9536904761904762,0.12319660372532987,0.14425290818231967,0.24603433735875394,0.09148460876335664,0.2088470560079753
200,38,0.9102380952380953,0.14177815175533096,0.15905739443157466,0.2195086769244132,0.11853026038115311,0.09777511057950085
200,39,0.8921428571428571,0.15366726059250843,0.24815396260411893,0.3142766387851662,0.19638273560403807,0.13936328878969825
200,40,0.9321428571428572,0.1352147608004224,0.18361075687711376,0.21350416086538038,0.10432341032370797,0.10941513986754905
200,41,0.9391666666666667,0.1312996667493323,0.11339179943370291,0.2023179110621323,0.08218568115528471,0.15298620179187025
200,42,0.9391666666666667,0.13103736757123532,0.20257299503641896,0.2810681040344989,0.1383690621336322,0.22899727079126994
200,43,0.9376190476190476,0.12997398215003503,0.19145139394350813,0.3818228229810193,0.10771206735907732,0.22566637847314258
200,44,0.9016666666666666,0.1384724899929476,0.15488339226812503,0.25535721211874685,0.12465145566792975,0.23984357057421157
200,45,0.9104761904761904,0.14034772124443248,0.13265610242283174,0.16494199747534022,0.11738275118463357,0.08680987103463607
200,46,0.9469047619047618,0.13298153614762234,0.17224384473558604,0.2667104592485647,0.0810955271045761,0.2135259775812229
200,47,0.9019047619047619,0.14085801858146826,0.13558332961397807,0.25617106535726236,0.1580596882159823,0.24212389486542235
200,48,0.9027380952380953,0.14608631234628944,0.17652977085243401,0.23564157093896498,0.16617477400920494,0.16722476197072425
200,49,0.8639285714285714,0.15344281231449422,0.20261887165646336,0.30805157591323434,0.20539206407833516,0.2768252311866844
500,0,0.9368571428571428,0.12623888060428753,0.14238419336703312,0.0939965304095655,0.12948532291572945,0.10801685336636321
500,1,0.9136380952380951,0.1403277328417713,0.058374785954700456,0.10164666140450329,0.050356629513945025,0.07597936959338947
500,2,0.910647619047619,0.14350374761305654,0.11292455296940287,0.1191627548398949,0.12826006325972675,0.10170180502845103
500,3,0.8856761904761905,0.14483039631351427,0.09600446091978214,0.2557183938637556,0.08876010462168607,0.2363723995698901
500,4,0.9267047619047619,0.13432395059110433,0.09132786047808839,0.12285439367887432,0.0742539913872653,0.08428533462338794
500,5,0.920342857142857,0.13883549449299953,0.10581330032243849,0.10711828908288677,0.10158665603789538,0.07169093506053084
500,6,0.9338857142857141,0.13158826255832995,0.055243520813358066,0.13311211456379118,0.05071540613850386,0.11552170116293531
500,7,0.9210476190476189,0.1375135135011968,0.11594514588114943,0.07209432504635971,0.07250490560600532,0.09293252127925787
500,8,0.9288190476190477,0.13097504571216598,0.10391569848125957,0.18084110904480546,0.07127732104308834,0.1637872234208416
500,9,0.916247619047619,0.13574851520295908,0.12995237031026233,0.12248129799832501,0.06720215989376258,0.12220729802575037
500,10,0.9043619047619048,0.14352574622535708,0.11632103655075524,0.13256828782436056,0.07156800362546703,0.10319111622351229
500,11,0.902552380952381,0.14575011579130942,0.1470749555581451,0.1492515181182128,0.10864131330788339,0.1336472587271995
500,12,0.9193523809523809,0.13493224586226785,0.10819763422433071,0.21997824043126854,0.055224511686874644,0.21803314127584794
500,13,0.9045714285714286,0.13946846315056383,0.12186919667144047,0.15887888237175832,0.07942907921391375,0.11761117377307555
500,14,0.9061142857142856,0.138483499512204,0.08974882151289132,0.152318326401217,0.11267412341600996,0.08813259251188048
500,15,0.9004571428571428,0.14543644413334544,0.12868027985091535,0.1630969973472266,0.07645360863212476,0.14537213943253277
500,16,0.9223047619047618,0.13112600404815303,0.05621462485617066,0.22084661067101785,0.08717966375782868,0.17131143874946844
500,17,0.9151619047619047,0.13403198123234253,0.11769715852009172,0.13562462981745937,0.0879484719808215,0.13128225802299476
500,18,0.9022857142857142,0.14238598561879906,0.09044072087667149,0.12737209265058025,0.07284761236004533,0.1546964828912557
500,19,0.9398666666666666,0.13466197288396994,0.15312874053355596,0.14253408714708524,0.09075466658084433,0.0907732911709481
500,20,0.9315809523809523,0.12973220570339317,0.09641732801617567,0.1528433097810788,0.09525172562344897,0.09601531946417816
500,21,0.9451809523809522,0.12588200232535607,0.08827737317226678,0.18307273202540536,0.05737086623462244,0.15246954914647964
500,22,0.9371047619047619,0.12826648468981983,0.10175289454622888,0.18411660540972558,0.06895155072394898,0.12379307054308536
500,23,0.9122285714285714,0.13833722223298492,0.11743220941635196,0.18322765034898184,0.10724213668692101,0.11898513292536869
500,24,0.9282285714285714,0.13600713098386114,0.09889369605760082,0.16233076961945492,0.09155207464587506,0.07303702377341907
500,25,0.9169142857142856,0.13605807578786205,0.11183556189126094,0.11765407288276225,0.07585519449173526,0.08613659876023114
500,26,0.900152380952381,0.14400218583702418,0.13282340585886093,0.22437148937723972,0.13355395908963758,0.18255858638222852
500,27,0.9147428571428572,0.13551340743141999,0.13228966306399717,0.1634333477542234,0.12973271017313856,0.09890292941113926
500,28,0.9114857142857142,0.14301171298280527,0.09612734956687954,0.10388336883567308,0.09918398426578406,0.09573492230001113
500,29,0.9289714285714284,0.1358587857766954,0.10036392111213502,0.19191653531986663,0.08689564561922986,0.10977147328428305
500,30,0.9115809523809524,0.1346654982827457,0.12609410494994958,0.2455591244003247,0.137726888970967,0.233158932293025
500,31,0.9035809523809523,0.13759515177850168,0.09195933277060638,0.12076788384095276,0.08819229259333071,0.1331304253672238
500,32,0.9033904761904762,0.1449847188432291,0.08650865539880812,0.15343321641181093,0.06264433384250212,0.10199185485995443
500,33,0.9225714285714286,0.13705617242262041,0.08384604292324507,0.1250096421678493,0.09160200676534011,0.12807099860931037
500,34,0.9120190476190476,0.13761594283898268,0.09485404449532539,0.19873038726505143,0.09365256331037311,0.15849672077713808
500,35,0.9124571428571429,0.13875445295670688,0.07983157078161511,0.12000827551407942,0.08252683710841885,0.0805310156790974
500,36,0.9162666666666667,0.13793730335936347,0.07299416213998688,0.11498822164510858,0.09011025861581334,0.08633570313800304
500,37,0.9216190476190477,0.1363451669067424,0.10060979544872586,0.16647186476615208,0.07289410344216786,0.13342745945142984
500,38,0.9156,0.14076737390420294,0.08763144090195837,0.12697583259603265,0.0741685973333933,0.09102540243535898
500,39,0.8947619047619046,0.1493364789320667,0.12388725866000934,0.1480888218040915,0.13359900792543355,0.11108449775926785
500,40,0.904,0.14117606950347886,0.10446211588482238,0.10897900824830054,0.11471505812381982,0.11369068090179833
500,41,0.9092952380952379,0.1415106754661275,0.11735780093245712,0.15305565391843756,0.08585393747421999,0.11029212838002408
500,42,0.9199238095238095,0.1375627303715528,0.07485898416528067,0.17912050932380202,0.11359287460898215,0.13972028187958396
500,43,0.9320761904761904,0.13499486155067167,0.11442826988265889,0.13284313200885522,0.07610718036297826,0.07281754621323777
500,44,0.9265333333333332,0.13400369063533576,0.13383934880652226,0.22414659810426074,0.13560648227032226,0.2258043602448464
500,45,0.9219619047619048,0.13319001659545965,0.06710683704979242,0.1449341773484358,0.03936946891497933,0.1411754486399761
500,46,0.9319619047619047,0.13199031611335427,0.11176284207065591,0.16594081334463362,0.08819819253338221,0.09813932501037223
500,47,0.9299999999999999,0.1331657470999935,0.08454378414169271,0.14351350364163878,0.04828782173721079,0.07072764690742672
500,48,0.9328571428571428,0.1295830457686412,0.09926516676634947,0.2048631110943958,0.0995772677412331,0.17669277238995412
500,49,0.9067047619047618,0.14409766613988767,0.11346386356573873,0.15255206476249397,0.13804439359923196,0.0618543533425799
1000,0,0.9334238095238094,0.131337540056413,0.05789791318583026,0.10709773607104421,0.04647505954917919,0.07220695398118494
1000,1,0.9169476190476189,0.1384664732465597,0.061601649782446755,0.13388519623660458,0.06561801279384026,0.10580393062760586
1000,2,0.9107142857142857,0.14118823545708015,0.05793857982964722,0.15518180292057987,0.04794610753690813,0.09850563733197651
1000,3,0.9268857142857142,0.13571480331323937,0.10696570523742957,0.08742761601737165,0.11663199200891394,0.059645645742427394
1000,4,0.9051047619047619,0.1414935964238917,0.071668405296932,0.17061490269086851,0.04595926757609964,0.15057320999237567
1000,5,0.9160095238095238,0.1383527362903029,0.07402945814199915,0.07817869929314128,0.07007423067278515,0.08895070502808095
1000,6,0.9127380952380952,0.13721932801185163,0.05527346967033553,0.13309111537964968,0.0741819669779819,0.13143608390497946
1000,7,0.918552380952381,0.13567869020093665,0.08411218732935162,0.08505331159568053,0.0854124916426321,0.09676511884122993
1000,8,0.9150761904761906,0.1417528945559483,0.10456526525187494,0.1287071621389738,0.1132505579678664,0.10204553528361505
1000,9,0.9235904761904762,0.13503731849191486,0.07730314328372853,0.11758069861599751,0.08365561280714774,0.11046780486888537
1000,10,0.9238952380952381,0.13651675925954548,0.08247424980841213,0.11163407502177576,0.050749221454287397,0.10201525498295787
1000,11,0.9222571428571429,0.13370135602183625,0.07163219542766147,0.08686722619327805,0.05451394618019273,0.10194097131133262
1000,12,0.9165428571428571,0.13870773236754821,0.05157073478404779,0.06000360350378174,0.04363980502629827,0.0474239584450897
1000,13,0.9224809523809525,0.13874098964091428,0.10971124739186831,0.1328472907415846,0.08258349581400351,0.09554798644640733
1000,14,0.9218761904761905,0.1361391969890829,0.06241934705966044,0.12229683752469764,0.04552699199855814,0.07059120848980371
1000,15,0.9119380952380953,0.13685524215364808,0.06411087304362721,0.10547927095145107,0.05835715726294642,0.1252110486862814
1000,16,0.912809523809524,0.13962866936022295,0.07474768375412216,0.1461224375796074,0.08012928848715688,0.08344080136283898
1000,17,0.9164666666666667,0.13431486038072166,0.0538763662503704,0.09948833339096952,0.05860151229100483,0.12375321086784663
1000,18,0.9085571428571428,0.14249388255427903,0.0815124783253626,0.10716723318884583,0.10349333131383939,0.07232569628497199
1000,19,0.9215523809523809,0.13371756377306224,0.09242199604630597,0.12363928460929385,0.0879994533010337,0.0632993533970664
1000,20,0.9091714285714285,0.13992524781655993,0.07278349119144129,0.15643735972020684,0.08964974416146121,0.09499026391347559
1000,21,0.9044380952380953,0.14359365450553327,0.09979887794564432,0.1165222113620423,0.0817940355879084,0.10910497366563879
1000,22,0.929342857142857,0.13279099049654525,0.04565506950415677,0.10414157726009915,0.06185984887460995,0.06096148187458511
1000,23,0.9288571428571428,0.13358658723084682,0.07118907363396972,0.10019657336228746,0.07015578817464847,0.10609522944877553
1000,24,0.9273523809523812,0.13428325087888493,0.07279400503075148,0.06204582708109048,0.09678572052700019,0.05205612049345107
1000,25,0.8918714285714285,0.14993558412785493,0.10544061106446176,0.13263268850798315,0.09168692885231686,0.11918423532353342
1000,26,0.9112380952380953,0.13897014755892373,0.07943067494131334,0.12089870538692343,0.06409508535595802,0.08782212235362669
1000,27,0.9204714285714285,0.13694179949142277,0.043051817505042375,0.1587550714001859,0.040564855496567465,0.10817754226812581
1000,28,0.9100142857142858,0.1360726630644544,0.09863287871718854,0.08838858852429009,0.11077154422966787,0.099662046526811
1000,29,0.9087476190476189,0.14176863470036583,0.10086075335231019,0.09326112049636628,0.052724826722677524,0.10329109624104044
1000,30,0.9185000000000001,0.1375846648259709,0.06757931143464849,0.10529430890063995,0.07292033182579816,0.0641331459421097
1000,31,0.8917190476190475,0.147433523615023,0.09234520243896027,0.14650981690727022,0.0632407888529199,0.13219427916566087
1000,32,0.9296285714285715,0.1357919786077667,0.0820284939572711,0.10384961066842188,0.05200121115928204,0.07994993843776586
1000,33,0.9209619047619048,0.13919386412386667,0.07887390015350057,0.1076487813307836,0.049942945272463166,0.054780719663844214
1000,34,0.9180428571428572,0.13304589393721897,0.07729188974326923,0.10169128913163476,0.07794071057199574,0.13622545698792288
1000,35,0.9020999999999999,0.14501188423676323,0.10774890315811601,0.12724948842824058,0.11420057959285536,0.11508578859370878
1000,36,0.9149142857142857,0.13761762258451807,0.08026882509560951,0.14956431388865943,0.04629799646759035,0.10580486937033327
1000,37,0.9205904761904762,0.13761907890042807,0.10980715542061179,0.11344874465052301,0.09826067896839108,0.06726485682868663
1000,38,0.9214285714285714,0.13311696701935238,0.05591768828672128,0.1696827776937126,0.050965016384110245,0.18323379505693366
1000,39,0.9017761904761904,0.14144748789748296,0.06333323721395448,0.10252531818298785,0.0742754938514992,0.10886631326234464
1000,40,0.9291619047619047,0.13633629980461456,0.08942458316111136,0.13029284879093944,0.07275493927321483,0.06241790269827233
1000,41,0.9118999999999999,0.13800596185662936,0.09334271577545611,0.13602442874119866,0.07696855200382495,0.08177642873986252
1000,42,0.9235285714285714,0.13446299646658166,0.05704513967136324,0.11261190128920956,0.07491417005821932,0.12939927216578656
1000,43,0.9364238095238095,0.1318155706740542,0.07493490481816761,0.09448594314090558,0.06149516433609123,0.11095139594361832
1000,44,0.9217142857142859,0.13736826274224426,0.04712945168178445,0.13005942581681207,0.03552399159569716,0.0611608338178521
1000,45,0.9313904761904762,0.12901154564900166,0.08141090260282297,0.10245725024750217,0.07020032185048582,0.05182654524324516
1000,46,0.9324142857142856,0.13138340071765128,0.08321723288854478,0.12126407290852577,0.09020875627159544,0.10665617425371182
1000,47,0.9048380952380952,0.14178923123691783,0.09121164792596086,0.08592566270771297,0.08347317538142135,0.09083631535521011
1000,48,0.9357047619047619,0.13158170446764791,0.05115319693210005,0.11323583587510597,0.04582045601939327,0.10213304777091868
1000,49,0.9046857142857143,0.14129492060564003,0.10135762052228278,0.09274566495694173,0.11334642576929072,0.08885681315632485
5000,0,0.9122893333333334,0.13876262237692086,0.036152769424812825,0.05364005042027471,0.028812247650005174,0.07122061512352482
5000,1,0.9143459047619047,0.13875507531550282,0.04935555033650299,0.04523932841448493,0.04683293109682958,0.05579428565628601
5000,2,0.916676,0.13803704297796152,0.037317262351872764,0.03246449108950157,0.03901881390764067,0.031372358049807564
5000,3,0.9176540952380954,0.13777741230139473,0.03401842408922062,0.0894171845610799,0.02896348009389925,0.06014479275103289
5000,4,0.9135297142857144,0.1392789044221564,0.046626606300759134,0.04482190005529635,0.031340020101171984,0.05594951449929521
5000,5,0.9202761904761905,0.1352913001388655,0.02653349884081492,0.0704420848570883,0.026889603600316787,0.0633279695899032
5000,6,0.9235990476190477,0.13423015168552466,0.03841220206181017,0.05684314704324412,0.047610732607989634,0.062186021558856885
5000,7,0.9187761904761905,0.13554249422725992,0.03247270348046557,0.046460878797320124,0.02538270221418541,0.059570517928083246
5000,8,0.9144946666666667,0.13738227887694934,0.029614927609806586,0.06305561318583772,0.024856236033310806,0.06859084171751922
5000,9,0.9173689523809524,0.13718395239174383,0.04818293723574839,0.04947091581295352,0.04175352609240088,0.04304123404160527
5000,10,0.9223382857142858,0.13408638918644528,0.029281006325020044,0.06718656029143044,0.04623864100815416,0.048984940698225635
5000,11,0.9181815238095238,0.1351333420588652,0.030353975874979885,0.06915574502852467,0.027516451998362675,0.07179020930414053
5000,12,0.9107697142857143,0.13997237080706418,0.03480274703069566,0.045649383892800974,0.0378898385993993,0.04849785006660731
5000,13,0.9213619047619048,0.1355327037228537,0.03173374328206884,0.054349042166130984,0.03799551342625427,0.037966670315108475
5000,14,0.9078215238095239,0.140005265340858,0.037381689359233194,0.05831480869839616,0.04354139403538238,0.05547329323998941
5000,15,0.9123906666666667,0.1389530951329332,0.047237132149910314,0.06360692590581363,0.047603943845442295,0.06097134176345717
5000,16,0.9163820952380953,0.13923874692543842,0.044982494510190936,0.043623572105458905,0.04576885693836265,0.03869347826425482
5000,17,0.9151651428571428,0.1383864274302715,0.037517993120673,0.040886464383656625,0.02537011759030254,0.05742428207571988
5000,18,0.9138777142857143,0.13850688315317394,0.028358295855709176,0.06296549004849378,0.043061804164648707,0.05706074164475425
5000,19,0.91566,0.13695188452296478,0.060402759592063766,0.05604626194163596,0.06738653047830456,0.05308038702761157
5000,20,0.9207973333333334,0.13804166193053444,0.04378323918793471,0.05379959712376209,0.03818673523404493,0.05453994599616419
5000,21,0.9105588571428571,0.1417005948082232,0.05199200468387151,0.049373283876944694,0.04426034198524241,0.03564976141846855
5000,22,0.9128758095238096,0.1382101992175948,0.03177642994313752,0.060869680783847496,0.04164788889945019,0.06531676099482367
5000,23,0.9181337142857142,0.13668502836537552,0.027975461382877834,0.054477813943414055,0.030075830259320778,0.06793485255466691
5000,24,0.9101714285714286,0.14026481456151815,0.04383231998263874,0.07754257656218669,0.04842248676239799,0.061972163897664675
5000,25,0.9164540952380952,0.13816844097970002,0.0510539438278967,0.048729393628697645,0.04076050309103855,0.03446563721607493
5000,26,0.921176,0.13546146454435265,0.035432232208808985,0.0495795834593961,0.0329854359165574,0.05006007151929999
5000,27,0.9202321904761905,0.13486458903012993,0.02930179776927512,0.06005331125603938,0.03938138679735784,0.038543987230388085
5000,28,0.9200742857142856,0.13633281386971258,0.027886216399055183,0.04371505638695974,0.028043514892916798,0.056502370424472405
5000,29,0.9231150476190477,0.13416038254416898,0.027224783642930045,0.0412468758892752,0.026586735207491715,0.029167145542337396
5000,30,0.9119780952380953,0.1399351640856521,0.04012686502660299,0.03811122030299785,0.037714755142399366,0.05852364919450777
5000,31,0.9124327619047619,0.13831218415597543,0.039939047466858835,0.07317753531845114,0.03783899537513592,0.05671899089352787
5000,32,0.9184641904761905,0.13660667093170764,0.03576526177738132,0.051316648520225425,0.03489659752169128,0.06697451223497164
5000,33,0.9205028571428571,0.13588903540573993,0.038404755773023505,0.05707684158446452,0.03797519796209869,0.05700835625070591
5000,34,0.9165175238095238,0.1381679134673337,0.048779432484465576,0.051318468754318045,0.05478422998812594,0.04445996265374856
5000,35,0.915756380952381,0.138133174248283,0.05498113707561732,0.07276321817584608,0.061238528714992066,0.07771037280643622
5000,36,0.9077537142857143,0.14035334721381046,0.0416492027070945,0.057392283774546415,0.03854687073241722,0.051947583148772965
5000,37,0.9132032380952381,0.13912330787096602,0.043021129773603124,0.06648080134035586,0.030571758135809174,0.07353009872048386
5000,38,0.9087963809523809,0.14138823425614105,0.042937178538041756,0.04431620075634114,0.03528537904437491,0.05130682651375429
5000,39,0.9180664761904762,0.1373205267365956,0.028220605468671913,0.041287972562614385,0.03494070732068459,0.04348147833108721
5000,40,0.9165386666666666,0.13835899799416249,0.035896136827723656,0.059648483621425885,0.035160644931193974,0.05972172452731386
5000,41,0.9177417142857143,0.1358573189982485,0.03423273184843729,0.05575648654504098,0.04072682836292031,0.06757129653870858
5000,42,0.9150946666666667,0.137340141505915,0.02659933891312129,0.03856052663846776,0.03511151097827776,0.0495349685852171
5000,43,0.9164344761904761,0.13604547180338267,0.03195873450290414,0.06819804873672775,0.04258642817209814,0.061065162501181755
5000,44,0.9209041904761905,0.13711715769962823,0.0474661757108244,0.03631845755207736,0.031142429727938035,0.05445366867843325
5000,45,0.9149451428571429,0.13800804168528602,0.02739831092306609,0.06169838490740025,0.023605434675283046,0.04675596316609826
5000,46,0.908916,0.1392755044674072,0.045844784217159484,0.0684353948613883,0.05443935795211824,0.08361664857597988
5000,47,0.9145674285714286,0.13811264605859333,0.028721912328147456,0.06112879667781865,0.027787028783956752,0.055696596126262134
5000,48,0.9193091428571428,0.13689408875673803,0.017883988292431763,0.0789235614944634,0.025402985910015136,0.051075858558661286
5000,49,0.9193401904761905,0.13729980662329755,0.03516642468682588,0.0510145879431666,0.04467050995601289,0.038436629773956336
20000,0,0.9153967380952381,0.13821086060147786,0.02679988354292903,0.03176130492386599,0.02400305180913523,0.03258839893442926
20000,1,0.9219274761904762,0.13551300906557975,0.017778965736026255,0.02273568934654993,0.017825095056901788,0.03075655737532687
20000,2,0.916374630952381,0.13797914539099418,0.02732533718784117,0.04126896424812644,0.029917104344246093,0.02627476294765682
20000,3,0.9163513571428571,0.13819528010586618,0.026126956423192925,0.035720629161536274,0.023978552398817923,0.02682452834377004
20000,4,0.9178396785714285,0.1371343436423104,0.026667565223401593,0.025865481140317104,0.028426893458046526,0.028175570972326244
20000,5,0.9202404642857143,0.13684282107303505,0.01893845782617276,0.03450957795626537,0.015471592314487555,0.02757426988684763
20000,6,0.9172864285714286,0.13773254351393563,0.019810067122585866,0.03358904190151352,0.015594226182819854,0.03083282533889564
20000,7,0.9183996547619048,0.13669827696442763,0.020358167695322518,0.02423749053353843,0.017810643682478245,0.027755715931577843
20000,8,0.9107616547619046,0.14012942357515826,0.035628268787782996,0.033012490457749545,0.030211518473957318,0.03899629400392883
20000,9,0.9154476904761905,0.13766961750951287,0.019292367312393817,0.03766930323926203,0.0167312186032683,0.04303344513014257
20000,10,0.9160659285714285,0.13787363790589824,0.024634048704761415,0.02982178688914721,0.023559208101792566,0.025107296435243797
20000,11,0.9149660952380951,0.1385983132818859,0.026885962833353996,0.04392299592599129,0.02886610898318461,0.03635768551585028
20000,12,0.9166411547619048,0.13802027840033776,0.030187528350237986,0.03537081323824625,0.03004461888711939,0.02385228826656881
20000,13,0.9169235,0.13805266458099344,0.027328193354147177,0.026582054997901942,0.02237055352465702,0.027980358762918794
20000,14,0.9180284404761905,0.1376955587963026,0.025243166515906537,0.0331759500264035,0.019836003006037106,0.025266743524449853
20000,15,0.9182777261904761,0.13723899059633843,0.030352467861635157,0.02556108054079142,0.028827071267963456,0.02670299189578433
20000,16,0.915522607142857,0.13780394949880662,0.01835782600317814,0.04505957419178701,0.020003906327384136,0.03195090180692342
20000,17,0.9152973452380953,0.13848253534143956,0.030879262894020577,0.02687703491976554,0.02955214769603255,0.029728789071946506
20000,18,0.9187097857142857,0.13681170238485438,0.02574107827848084,0.020243161114474988,0.02349007536503893,0.02908629991060384
20000,19,0.9166862380952381,0.13769631846582628,0.020215828662021783,0.03497486692619561,0.018678032912185668,0.03731730502057055
20000,20,0.9177853214285714,0.1365352444021803,0.02042714784792432,0.03742016587268402,0.024444114826005697,0.033185066169039074
20000,21,0.9214022976190477,0.1365186890638951,0.020878578305444023,0.029106891564874754,0.013990654466537758,0.042967827145039564
20000,22,0.9171454523809524,0.13772742507290106,0.022864758843256783,0.02551383272286478,0.020258931415519953,0.029238036192426275
20000,23,0.915494869047619,0.1383097418370175,0.024828114900657783,0.03508531413014139,0.01944202542328414,0.03305274776838503
20000,24,0.9181152023809523,0.13684538181039962,0.0231275506847715,0.029997184644993624,0.02057551428968112,0.03532108799257392
20000,25,0.9179695595238095,0.13748196162375237,0.027848505669612486,0.020061310250007618,0.02177702856084226,0.030519730299601255
20000,26,0.9191069404761905,0.1367575295020815,0.02349891165747585,0.026192567735691015,0.020335886692426947,0.026447419496025984
20000,27,0.9170894999999999,0.1379298067302819,0.022089868294833698,0.0366517960073687,0.021833295562787264,0.03890198471143708
20000,28,0.9181740357142858,0.1373426255627796,0.023099332374347303,0.026549729219425708,0.017586988960009327,0.017826281339829227
20000,29,0.9186660357142857,0.13691658925650504,0.01746332310527429,0.03289399632973725,0.014638588519992737,0.02960901653010723
20000,30,0.9147960238095237,0.13824349016483567,0.025539949074231762,0.035985290650609424,0.01930607565594713,0.033607994750192646
20000,31,0.9188503690476189,0.13734061024216002,0.027452886619140915,0.02171527554739173,0.021650520460270464,0.0172617048305609
20000,32,0.9145494523809524,0.13808332726250233,0.020890108642689552,0.03878709297597028,0.01974879858475548,0.04058935422448904
20000,33,0.9198785714285714,0.1372383890669324,0.02312438568670351,0.04497431010377303,0.014747506903898217,0.04462989741521331
20000,34,0.9173264166666666,0.1382920969515603,0.03033823435450343,0.03267919647708435,0.018696279329283798,0.031241081245850254
20000,35,0.9205758571428571,0.13562960488574918,0.02254487929113843,0.03182398930107817,0.022543856463582042,0.0428333090575565
20000,36,0.9179052738095237,0.13691921695905776,0.02938713805259584,0.027355552440149915,0.03268079352661195,0.032573789376370774
20000,37,0.9184222380952382,0.13728843880059607,0.02451494162392645,0.025435793390756918,0.016362837683382467,0.027423602496289796
20000,38,0.9176340714285715,0.13692792199022275,0.02326669123618748,0.028767254845761432,0.020561675203181813,0.03742335737567608
20000,39,0.9208052499999999,0.1354749013530115,0.01938417349298133,0.03305460220060885,0.02475463391446121,0.029122269970163917
20000,40,0.9164845000000001,0.13719094110279595,0.025388177683402634,0.04337989164856945,0.024517890811222354,0.03954034200871982
20000,41,0.9166656428571429,0.13791635157527152,0.02028348828794377,0.02683215749304372,0.026002580182062477,0.03106843905725422
20000,42,0.9167428214285714,0.1378511977988538,0.030773080700981156,0.025619153416774135,0.029349581713000804,0.023989762309619675
20000,43,0.9194539166666666,0.13607704192930775,0.021268948050757075,0.025238304927470326,0.018301508329026522,0.028655159424709625
20000,44,0.9136974523809523,0.13866856873659167,0.04149988751745767,0.03671754304024444,0.034728432802485186,0.031300580603870455
20000,45,0.9167262261904762,0.1376401912724453,0.020663326329941674,0.04023769802538825,0.025453796595853104,0.03781074983094233
20000,46,0.9196416904761904,0.13676519653127714,0.023361245336789405,0.025538133983067063,0.022839798949016804,0.02216163996171878
20000,47,0.9174172619047618,0.13806944544180805,0.028785572006944597,0.02748926322380107,0.024404500404730134,0.03173298251663681
20000,48,0.9209845357142856,0.1356752034076624,0.023978973962603196,0.03181915708528997,0.01958820503100491,0.02101345532391552
20000,49,0.9147104404761903,0.1380337696601152,0.037749669969838966,0.041402050273256996,0.028564953501836236,0.03614476785408582
