scenario,model,n,prevalence,auc,brier,logloss,sens@0.1,spec@0.1,ppv@0.1,acc@0.1,sens@0.25,spec@0.25,ppv@0.25,acc@0.25,sens@0.5,spec@0.5,ppv@0.5,acc@0.5,nb@0.05,nb@0.1,nb@0.2,nb@0.3,overlap_integral
A_perfect,model,20000,0.30515,1.0,0.0006737041272255304,0.01974781526318255,1.0,0.9978412607037491,0.9951084298059677,0.9984999999999999,1.0,1.0,1.0,1.0,1.0,1.0,1.0,1.0,0.3028868421052631,0.30498333333333333,0.30515,0.30515,2.1459839459500174e-25
B_random,model,20000,0.3082,0.5001576242435022,0.33415841072797486,1.0031609705758457,0.9062297209604153,0.10060711188204684,0.30981697171381034,0.3489,0.7517845554834524,0.2543365134431917,0.3099458230218714,0.40764999999999996,0.5011356262167423,0.4962416883492339,0.3070881797395367,0.49775,0.25858157894736844,0.21016666666666667,0.1099125,0.008728571428571419,0.3075460246795094
C_same_roc_diff_calib,calibrated,20000,0.3517,0.801272874780089,0.16913781729866798,0.5080404427584406,0.9734148421950525,0.2508869350609286,0.4134661835748792,0.505,0.8458913847028717,0.575350917784976,0.5193784916201117,0.6705,0.5240261586579471,0.8664969921332716,0.6804504338194572,0.74605,0.3191631578947368,0.28838888888888886,0.2315125,0.18100000000000002,0.25563642027623723
C_same_roc_diff_calib,g_transformed_k3,20000,0.3517,0.801272874780089,0.19630285269997724,0.7347832987580805,0.7556155814614728,0.6931975937066174,0.5719358657053696,0.71515,0.6428774523741825,0.7922258213789912,0.6266629711751662,0.7396999999999999,0.5240261586579471,0.8664969921332716,0.6804504338194572,0.74605,0.27424736842105263,0.24364999999999998,0.19955,0.164,0.24724705914844475
D_overlap_location,mid_overlap,20000,0.3,0.7219363452380952,0.21264423309374988,0.612942306040028,0.9986666666666666,0.016142857142857143,0.3031468177678842,0.31089999999999995,0.9598333333333333,0.16864285714285715,0.3310150592022072,0.40599999999999997,0.666,0.6604285714285715,0.4566857142857143,0.6621,0.26313684210526317,0.22307777777777776,0.1377875,0.05487142857142857,0.2693920612801138
D_overlap_location,tail_overlap,20000,0.3,0.7294987857142857,0.21438280947696012,0.6355183330601459,0.9784999999999999,0.042571428571428566,0.30459143968871594,0.32334999999999997,0.906,0.2734285714285714,0.34828293182983083,0.46319999999999995,0.6956666666666667,0.6935714285714286,0.49314744801512284,0.6941999999999999,0.2617973684210526,0.2190833333333333,0.1381625,0.07484285714285716,0.2740713174082139
E_disc_vs_calib,strong,20000,0.36315,0.822187592014864,0.16179044532059852,0.489592042609486,0.9670934875395841,0.29763680615529564,0.4398246712586099,0.5407500000000001,0.8528156409197302,0.6045379602732197,0.5515092155640637,0.6947,0.5814401762357153,0.8630760775692864,0.7077258253728842,0.7607999999999999,0.33136842105263153,0.3015,0.24855,0.20235714285714285,0.24113151705980293
E_disc_vs_calib,weak,20000,0.31235,0.6515121674167433,0.2015124078762853,0.589724277414191,0.9959980790779575,0.01541481858503599,0.31483074432019426,0.3217,0.7930206499119578,0.39620446448047697,0.3736611856992005,0.52015,0.13590523451256606,0.9493928597396931,0.5495145631067961,0.6953,0.2761789473684211,0.2358722222222222,0.1495,0.0759285714285714,0.3048085648666812
F_prevalence,pi=0.05,20000,0.05,0.9219482631578947,0.1368428992969439,0.4395477046827634,1.0,0.05452631578947369,0.052731491246572455,0.1018,0.992,0.3471578947368421,0.0740519558077038,0.37939999999999996,0.853,0.8348947368421054,0.21378446115288222,0.8358,0.000507894736842103,-0.04980000000000001,-0.13211249999999997,-0.17080714285714288,0.03998871737221088
F_prevalence,pi=0.2,20000,0.2,0.9158715468749999,0.13768492939190816,0.44128544107986634,1.0,0.056187499999999994,0.20941311973195123,0.24495,0.99225,0.34349999999999997,0.2742347820078767,0.47324999999999995,0.82575,0.8321875,0.5516032064128257,0.8309,0.1584263157894737,0.11610555555555556,0.04602500000000001,0.011364285714285688,0.1166200131922032
F_prevalence,pi=0.5,20000,0.5,0.9178319,0.1371593151892429,0.4404236906995545,1.0,0.0544,0.5139802631578947,0.5272,0.9923,0.3368,0.599395952884325,0.66455,0.8344,0.8347,0.8346503951185356,0.83455,0.47397894736842106,0.4474666666666667,0.401925,0.37377142857142853,0.16871998707013286
G_transport,source_domain,20000,0.34665,0.8016310461794554,0.16753044579768217,0.5054154560982402,0.9679792297706621,0.24420295400627534,0.40459395912461565,0.4951,0.8419154767056108,0.5756485803933573,0.5128272711298542,0.66795,0.5391605365642579,0.8679115328690594,0.6841142020497805,0.7539500000000001,0.31366578947368423,0.28068333333333334,0.22482499999999997,0.17602142857142855,0.2486297349609582
G_transport,target_shifted,20000,0.46165,0.8089253287271155,0.18909463881181046,0.5599230395725597,0.9591682010180873,0.30342713847868485,0.541452677916361,0.60615,0.8125203075923318,0.6338813039843968,0.6555400209716882,0.71635,0.5098017978988412,0.8884554657750534,0.796716316858497,0.71365,0.4326947368421053,0.40113333333333334,0.338825,0.2799142857142857,0.27056623605520425
H_threshold_band,model1,20000,0.3,0.913821630952381,0.13891628778168016,0.4441443687065805,1.0,0.05635714285714286,0.3123210660559054,0.33945,0.9903333333333333,0.3390714285714286,0.3910496873971701,0.53445,0.8295,0.8324285714285715,0.6796394920114707,0.83155,0.26352105263157893,0.22660555555555556,0.16385,0.12978571428571428,0.14933322484978057
H_threshold_band,model2,20000,0.3,0.9456865119047618,0.11291856498007305,0.3761080405834511,1.0,0.14321428571428574,0.33342595165323696,0.40025,0.9903333333333333,0.5537142857142857,0.4874487284659557,0.6847,0.9156666666666667,0.820857142857143,0.6865783554111472,0.8492999999999999,0.26477368421052627,0.2333611111111111,0.1953375,0.20227857142857142,0.12916240303857132
I_imbalance,model,20000,0.02,0.9643051020408163,0.10695650494342894,0.3661666419210028,1.0,0.11423469387755102,0.022521254433871967,0.13194999999999998,0.9974999999999999,0.46438775510204083,0.03661558227034963,0.47505000000000003,0.905,0.8898979591836734,0.14365079365079367,0.8902,-0.029947368421052636,-0.07645,-0.1405,-0.1583857142857143,0.013976202750934696
